{
  "query": "тестовый запрос",
  "single_embedding": {
    "dimension": 1024,
    "first_10_values": [
      -0.0004958954523317516,
      0.002913482952862978,
      -0.016778409481048584,
      -0.04848469793796539,
      0.019587773829698563,
      -0.0032663496676832438,
      -0.0025745483580976725,
      0.09591303765773773,
      0.03349020332098007,
      -0.0183086059987545
    ],
    "stats": {
      "min": -0.08547067642211914,
      "max": 0.17296411097049713,
      "mean": -0.0007708566912851822
    }
  },
  "batch_embeddings": {
    "count": 3,
    "dimensions": [
      1024,
      1024,
      1024
    ]
  }
}